;;2018;2018;2018;2018;2018;2018;2018;2018;2018;2019;2019;2019;2019;2019;2019;2019;2019;2019;2020;2020;2020;2020;2020;2020;2020;2020;2020;2021;2021;2021;2021;2021;2021;2021;2021;2021;2022;2022;2022;2022;2022;2022;2022;2022;2022;2023;2023;2023;2023;2023;2023;2023;2023;2023;2024;2024;2024;2024;2024;2024;2024;2024;2024
;;Euros/m2;Euros/m2;Euros/m2;Números índice (Madrid=100);Números índice (Madrid=100);Números índice (Madrid=100);Números índice (Total=100);Números índice (Total=100);Números índice (Total=100);Euros/m2;Euros/m2;Euros/m2;Números índice (Madrid=100);Números índice (Madrid=100);Números índice (Madrid=100);Números índice (Total=100);Números índice (Total=100);Números índice (Total=100);Euros/m2;Euros/m2;Euros/m2;Números índice (Madrid=100);Números índice (Madrid=100);Números índice (Madrid=100);Números índice (Total=100);Números índice (Total=100);Números índice (Total=100);Euros/m2;Euros/m2;Euros/m2;Números índice (Madrid=100);Números índice (Madrid=100);Números índice (Madrid=100);Números índice (Total=100);Números índice (Total=100);Números índice (Total=100);Euros/m2;Euros/m2;Euros/m2;Números índice (Madrid=100);Números índice (Madrid=100);Números índice (Madrid=100);Números índice (Total=100);Números índice (Total=100);Números índice (Total=100);Euros/m2;Euros/m2;Euros/m2;Números índice (Madrid=100);Números índice (Madrid=100);Números índice (Madrid=100);Números índice (Total=100);Números índice (Total=100);Números índice (Total=100);Euros/m2;Euros/m2;Euros/m2;Números índice (Madrid=100);Números índice (Madrid=100);Números índice (Madrid=100);Números índice (Total=100);Números índice (Total=100);Números índice (Total=100)
;;Total;Nuevas;Usadas;Total;Nuevas;Usadas;Total;Nuevas;Usadas;Total;Nuevas;Usadas;Total;Nuevas;Usadas;Total;Nuevas;Usadas;Total;Nuevas;Usadas;Total;Nuevas;Usadas;Total;Nuevas;Usadas;Total;Nuevas;Usadas;Total;Nuevas;Usadas;Total;Nuevas;Usadas;Total;Nuevas;Usadas;Total;Nuevas;Usadas;Total;Nuevas;Usadas;Total;Nuevas;Usadas;Total;Nuevas;Usadas;Total;Nuevas;Usadas;Total;Nuevas;Usadas;Total;Nuevas;Usadas;Total;Nuevas;Usadas
Ciudad de Madrid;Ciudad de Madrid;3.231,86;2.624,77;3.387,14;100;100;100;100;81,22;104,8;3.365,64;2.913,58;3.473,29;100;100;100;100;86,57;103,2;3.481,61;3.176,50;3.572,02;100;100;100;100;91,24;102,6;3.641,57;3.611,80;3.648,73;100;100;100;100;99,18;100,2;3.900,40;3.548,38;3.966,11;100;100;100;100;90,97;101,68;4.060,37;3.977,34;4.076,59;100;100;100;100;97,96;100,4;4.526,66;4.442,58;4.544,27;100;100;100;100;98,14;100,39
01. Centro;01. Centro;4.809,31;4.521,91;4.817,37;148,81;139,92;149,06;100;94,02;100,17;5.279,93;6.653,36;5.103,94;156,88;228,36;146,95;100;126,01;96,67;5.223,73;5.468,63;5.194,16;150,04;172,16;145,41;100;104,69;99,43;4.935,90;5.906,74;4.903,14;135,54;163,54;134,38;100;119,67;99,34;5.466,32;5.968,17;5.443,39;140,15;168,19;137,25;100;109,18;99,58;5.712,09;5.943,84;5.705,23;140,68;149,44;139,95;100;104,06;99,88;6.268,72;6.092,62;6.279,87;138,48;137,14;138,19;100;97,19;100,18
01. Centro;011. Palacio;4.255,30;5.159,73;4.105,46;131,67;159,65;127,03;100;121,25;96,48;5.075,34;5.281,56;5.044,74;150,8;181,27;145,24;100;104,06;99,4;5.034,49;5.082,76;5.020,78;144,6;160,01;140,56;100;100,96;99,73;4.851,23;5.139,22;4.797,38;133,22;142,29;131,48;100;105,94;98,89;5.410,14;6.166,77;5.298,63;138,71;173,79;133,6;100;113,99;97,94;5.659,44;5.399,32;5.694,12;139,38;135,75;139,68;100;95,4;100,61;6.399,01;6.657,04;6.355,20;141,36;149,85;139,85;100;104,03;99,32
01. Centro;012. Embajadores;4.182,95;0;4.187,39;129,43;0;129,57;100;0;100,11;4.481,49;5.226,91;4.408,11;133,15;179,4;126,91;100;116,63;98,36;4.585,04;5.464,51;4.496,74;131,69;172,03;125,89;100;119,18;98,07;4.300,67;0;4.305,98;118,1;0;118,01;100;0;100,12;4.624,29;3.894,51;4.648,92;118,56;109,75;117,22;100;84,22;100,53;4.825,25;0;4.831,28;118,84;0;118,51;100;0;100,12;5.229,59;5.267,57;5.227,00;115,53;118,57;115,02;100;100,73;99,95
01. Centro;013. Cortes;5.303,59;0;5.303,59;164,1;0;164,1;100;0;100;5.494,30;0;5.494,30;163,25;0;158,19;100;0;100;4.989,95;0;4.989,95;143,32;0;139,7;100;0;100;5.049,77;0;5.049,77;138,67;0;138,4;100;0;100;5.729,37;0;5.729,37;146,89;0;144,46;100;0;100;6.099,39;0;6.099,39;150,22;0;149,62;100;0;100;6.300,68;0;6.282,69;139,19;0;138,26;100;0;99,71
01. Centro;014. Justicia;5.882,35;0;5.882,35;182,01;0;182,01;100;0;100;5.950,71;0;5.943,46;176,81;0;171,12;100;0;99,88;6.229,04;0;6.229,04;178,91;0;174,38;100;0;100;6.166,20;0;6.166,20;169,33;0;169;100;0;100;6.919,11;0;6.919,11;177,39;0;174,46;100;0;100;7.568,22;0;7.568,22;186,39;0;185,65;100;0;100;7.913,82;0;7.913,82;174,83;0;174,15;100;0;100
01. Centro;015. Universidad;5.017,09;0;5.039,18;155,24;0;155,92;100;0;100,44;5.998,24;7.664,88;5.453,38;178,22;263,07;157,01;100;127,79;90,92;5.132,60;5.435,90;5.067,92;147,42;171,13;141,88;100;105,91;98,74;4.977,11;7.145,13;4.848,13;136,67;197,83;132,87;100;143,56;97,41;5.753,05;7.429,03;5.621,09;147,5;209,36;141,73;100;129,13;97,71;5.710,69;8.194,32;5.640,53;140,64;206,03;138,36;100;143,49;98,77;6.301,63;6.615,47;6.276,59;139,21;148,91;138,12;100;104,98;99,6
01. Centro;016. Sol;5.035,60;0;5.129,22;155,81;0;158,71;100;0;101,86;5.293,10;0;5.308,95;157,27;0;152,85;100;0;100,3;9.215,34;0;9.249,31;264,69;0;258,94;100;0;100,37;5.113,98;0;5.124,68;140,43;0;140,45;100;0;100,21;5.054,50;0;5.085,19;129,59;0;128,22;100;0;100,61;5.687,75;0;5.727,20;140,08;0;140,49;100;0;100,69;7.043,79;0;7.181,43;155,61;0;158,03;100;0;101,95
02. Arganzuela;02. Arganzuela;3.693,97;3.670,25;3.698,09;114,3;113,56;114,43;100;99,36;100,11;3.927,78;3.659,78;3.970,19;116,7;125,61;114,31;100;93,18;101,08;4.214,21;4.436,33;3.997,83;121,04;139,66;111,92;100;105,27;94,87;4.210,73;4.948,77;3.894,94;115,63;137,02;106,75;100;117,53;92,5;4.489,71;5.226,05;4.363,57;115,11;147,28;110,02;100;116,4;97,19;4.556,68;5.462,83;4.462,14;112,22;137,35;109,46;100;119,89;97,93;5.406,62;6.073,48;4.837,52;119,44;136,71;106,45;100;112,33;89,47
02. Arganzuela;021. Imperial;3.380,81;3.320,00;3.402,02;104,61;102,73;105,27;100;98,2;100,63;3.791,71;3.434,16;3.866,36;112,66;117,87;111,32;100;90,57;101,97;3.325,56;2.697,19;3.812,72;95,52;84,91;106,74;100;81,1;114,65;3.561,44;3.174,58;3.837,21;97,8;87,89;105,17;100;89,14;107,74;3.953,99;3.683,57;4.062,56;101,37;103,81;102,43;100;93,16;102,75;4.351,64;0;4.348,05;107,17;0;106,66;100;0;99,92;5.720,86;5.980,87;4.779,25;126,38;134,63;105,17;100;104,54;83,54
02. Arganzuela;022. Acacias;3.940,92;0;3.810,39;121,94;0;117,9;100;0;96,69;4.646,78;0;4.498,48;138,07;0;129,52;100;0;96,81;4.276,75;4.033,50;4.425,40;122,84;126,98;123,89;100;94,31;103,48;4.195,41;4.054,00;4.233,28;115,21;112,24;116,02;100;96,63;100,9;5.292,83;6.968,75;4.360,66;135,7;196,39;109,95;100;131,66;82,39;4.699,92;0;4.653,80;115,75;0;114,16;100;0;99,02;4.860,58;0;4.822,66;107,38;0;106,13;100;0;99,22
02. Arganzuela;023. Chopera;3.429,29;3.375,07;3.449,53;106,11;104,43;106,74;100;98,42;100,59;3.643,17;0;3.706,90;108,25;0;106,73;100;0;101,75;3.830,66;0;3.843,18;110,03;0;107,59;100;0;100,33;3.553,34;0;3.551,00;97,58;0;97,32;100;0;99,93;4.207,17;0;4.198,35;107,87;0;105,86;100;0;99,79;4.173,01;0;4.175,28;102,77;0;102,42;100;0;100,05;4.608,71;5.871,14;4.461,43;101,81;132,16;98,18;100;127,39;96,8
02. Arganzuela;024. Legazpi;4.166,91;3.974,54;4.208,88;128,93;122,98;130,23;100;95,38;101,01;4.608,48;0;4.572,26;136,93;0;131,64;100;0;99,21;5.493,48;5.996,37;4.400,98;157,79;188,77;123,21;100;109,15;80,11;4.375,25;5.013,52;4.276,10;120,15;138,81;117,19;100;114,59;97,73;4.768,29;4.533,80;4.815,98;122,25;127,77;121,43;100;95,08;101;5.137,80;6.423,07;4.541,91;126,54;161,49;111,41;100;125,02;88,4;5.125,54;5.201,42;5.106,08;113,23;117,08;112,36;100;101,48;99,62
02. Arganzuela;025. Delicias;3.645,75;3.610,01;3.648,51;112,81;111,7;112,89;100;99,02;100,08;3.845,47;3.297,97;4.016,56;114,26;113,19;115,64;100;85,76;104,45;4.516,38;4.880,35;3.763,85;129,72;153,64;105,37;100;108,06;83,34;3.898,72;4.604,14;3.783,23;107,06;127,47;103,69;100;118,09;97,04;4.376,40;3.735,83;4.418,29;112,2;105,28;111,4;100;85,36;100,96;4.338,14;0;4.354,17;106,84;0;106,81;100;0;100,37;4.743,70;0;4.750,23;104,79;0;104,53;100;0;100,14
02. Arganzuela;026. Palos de la Frontera;3.811,33;4.585,78;3.766,91;117,93;141,89;116,56;100;120,32;98,83;3.862,74;4.491,46;3.817,67;114,77;154,16;109,92;100;116,28;98,83;4.074,57;0;4.114,66;117,03;0;115,19;100;0;100,98;3.945,48;0;3.906,33;108,35;0;107,06;100;0;99,01;4.359,85;4.811,79;4.322,70;111,78;135,61;108,99;100;110,37;99,15;4.640,72;4.764,36;4.633,47;114,29;119,79;113,66;100;102,66;99,84;5.090,81;4.995,88;5.113,68;112,46;112,45;112,53;100;98,14;100,45
02. Arganzuela;027. Atocha;0;0;0;0;0;0;100;0;0;0;0;0;0;0;0;100;0;0;4.168,55;4.178,45;0;119,73;131,54;0;100;3,78;0;5.742,49;5.759,73;0;157,69;159,47;0;100;4,38;0;0;0;0;0;0;0;100;0;0;0;0;0;0;0;0;100;0;0;6.501,60;6.500,68;0;143,63;146,33;0;100;3,23;0
03. Retiro;03. Retiro;4.444,42;3.989,25;4.457,96;137,52;123,44;137,94;100;89,76;100,3;4.864,84;4.174,88;4.939,81;144,54;143,29;142,22;100;85,82;101,54;4.759,56;4.831,67;4.757,93;136,71;152,11;133,2;100;101,52;99,97;4.818,16;4.956,86;4.816,68;132,31;137,24;132,01;100;102,88;99,97;5.284,27;3.898,17;5.301,46;135,48;109,86;133,67;100;73,77;100,33;5.501,02;4.344,75;5.504,72;135,48;109,24;135,03;100;78,98;100,07;6.278,37;6.538,36;6.274,77;138,7;147,17;138,08;100;104,14;99,94
03. Retiro;031. Pacífico;3.938,30;0;3.932,71;121,86;0;121,69;100;0;99,86;4.269,03;0;4.275,14;126,84;0;123,09;100;0;100,14;4.113,30;0;4.117,88;118,14;0;115,28;100;0;100,11;4.172,72;0;4.172,72;114,59;0;114,36;100;0;100;4.390,07;0;4.426,70;112,55;0;111,61;100;0;100,83;4.756,30;0;4.760,98;117,14;0;116,79;100;0;100,1;5.105,60;0;5.084,24;112,79;0;111,88;100;0;99,58
03. Retiro;032. Adelfas;3.807,30;0;3.795,86;117,81;0;117,45;100;0;99,7;4.540,71;4.185,33;4.729,86;134,91;143,65;136,18;100;92,17;104,17;4.258,40;0;4.272,23;122,31;0;119,6;100;0;100,32;4.465,68;0;4.442,03;122,63;0;121,74;100;0;99,47;4.381,49;0;4.366,89;112,33;0;110,11;100;0;99,67;4.412,55;0;4.412,55;108,67;0;108,24;100;0;100;4.851,81;0;4.796,94;107,18;0;105,56;100;0;98,87
03. Retiro;033. Estrella;3.721,52;0;3.721,52;115,15;0;115,15;100;0;100;4.076,81;0;4.076,81;121,13;0;117,38;100;0;100;4.010,22;0;4.010,22;115,18;0;112,27;100;0;100;4.008,15;0;4.008,15;110,07;0;109,85;100;0;100;4.760,98;0;4.760,98;122,06;0;120,04;100;0;100;4.446,83;0;4.443,46;109,52;0;109;100;0;99,92;5.225,07;0;5.202,67;115,43;0;114,49;100;0;99,57
03. Retiro;034. Ibiza;5.001,62;3.893,60;5.114,85;154,76;120,48;158,26;100;77,85;102,26;5.469,24;0;5.469,24;162,5;0;157,47;100;0;100;5.508,11;0;5.460,11;158,21;0;152,86;100;0;99,13;5.556,97;0;5.563,91;152,6;0;152,49;100;0;100,12;6.060,71;0;6.058,41;155,39;0;152,75;100;0;99,96;6.694,29;0;6.694,29;164,87;0;164,21;100;0;100;7.528,50;0;7.527,93;166,31;0;165,66;100;0;99,99
03. Retiro;035. Los Jerónimos;6.004,08;0;6.004,08;185,78;0;185,78;100;0;100;6.715,19;0;6.715,19;199,52;0;193,34;100;0;100;6.653,21;0;6.653,21;191,1;0;186,26;100;0;100;6.623,76;0;6.623,76;181,89;0;181,54;100;0;100;7.904,28;0;7.904,28;202,65;0;199,3;100;0;100;7.785,27;0;7.785,27;191,74;0;190,98;100;0;100;9.382,20;0;9.382,20;207,27;0;206,46;100;0;100
03. Retiro;036. Niño Jesús;4.922,28;0;4.922,28;152,3;0;152,3;100;0;100;5.524,82;0;5.524,82;164,15;0;159,07;100;0;100;5.080,49;0;5.080,49;145,92;0;142,23;100;0;100;5.415,86;0;5.415,86;148,72;0;148,43;100;0;100;5.894,47;0;5.894,47;151,12;0;148,62;100;0;100;5.875,44;0;5.875,44;144,7;0;144,13;100;0;100;6.534,45;0;6.534,45;144,35;0;143,8;100;0;100
04. Salamanca;04. Salamanca;5.400,24;5.674,82;5.398,93;167,09;175,59;167,05;100;105,08;99,98;5.857,87;8.797,76;5.740,36;174,05;301,96;165,27;100;150,19;97,99;5.511,90;6.073,42;5.478,56;158,31;191,2;153,37;100;110,19;99,4;5.737,17;7.041,06;5.646,55;157,55;194,95;154,75;100;122,73;98,42;6.496,29;7.229,34;6.462,96;166,55;203,74;162,95;100;111,28;99,49;7.332,40;6.445,97;7.375,47;180,58;162,07;180,92;100;87,91;100,59;7.749,88;7.063,08;7.764,63;171,21;158,99;170,87;100;91,14;100,19
04. Salamanca;041. Recoletos;7.555,48;0;7.522,17;233,78;0;232,75;100;0;99,56;8.553,75;0;8.553,75;254,15;0;246,27;100;0;100;8.254,50;0;8.257,73;237,09;0;231,18;100;0;100,04;8.348,93;10.105,74;8.142,25;229,27;279,8;223,15;100;121,04;97,52;10.436,44;0;10.241,25;267,57;0;258,22;100;0;98,13;11.905,33;0;11.856,01;293,21;0;290,83;100;0;99,59;12.389,95;0;12.398,17;273,71;0;272,83;100;0;100,07
04. Salamanca;042. Goya;5.569,25;0;5.569,25;172,32;0;172,32;100;0;100;5.895,89;0;5.879,90;175,18;0;169,29;100;0;99,73;5.587,62;0;5.587,62;160,49;0;156,43;100;0;100;5.994,11;0;5.906,87;164,6;0;161,89;100;0;98,54;6.682,47;8.314,04;6.594,37;171,33;234,31;166,27;100;124,42;98,68;7.497,63;0;7.492,21;184,65;0;183,79;100;0;99,93;7.581,47;0;7.586,64;167,48;0;166,95;100;0;100,07
04. Salamanca;043. Fuente del Berro;4.724,50;0;4.724,50;146,19;0;146,19;100;0;100;4.797,72;0;4.797,72;142,55;0;138,13;100;0;100;4.734,29;0;4.734,29;135,98;0;132,54;100;0;100;5.028,14;0;5.003,64;138,08;0;137,13;100;0;99,51;5.330,23;0;5.331,44;136,66;0;134,42;100;0;100,02;5.701,33;0;5.701,06;140,41;0;139,85;100;0;100;5.975,19;0;5.923,79;132;0;130,36;100;0;99,14
04. Salamanca;044. Guindalera;4.075,49;0;4.078,31;126,1;0;126,19;100;0;100,07;4.573,78;4.636,36;4.570,75;135,9;159,13;131,6;100;101,37;99,93;4.669,41;5.155,97;4.597,02;134,12;162,32;128,7;100;110,42;98,45;4.568,96;6.125,54;4.353,06;125,47;169,6;119,3;100;134,07;95,27;4.823,96;4.338,06;4.867,19;123,68;122,25;122,72;100;89,93;100,9;5.305,78;5.329,90;5.302,14;130,67;134,01;130,06;100;100,45;99,93;5.657,40;6.349,46;5.620,33;124,98;142,92;123,68;100;112,23;99,34
04. Salamanca;045. Lista;5.511,50;0;5.504,62;170,54;0;170,32;100;0;99,88;6.030,55;0;5.934,33;179,18;0;170,86;100;0;98,4;6.095,97;0;6.064,18;175,09;0;169,77;100;0;99,48;5.691,87;0;5.693,35;156,3;0;156,04;100;0;100,03;6.229,51;0;6.229,63;159,71;0;157,07;100;0;100;7.426,62;0;7.421,46;182,91;0;182,05;100;0;99,93;8.087,78;0;8.087,78;178,67;0;177,98;100;0;100
04. Salamanca;046. Castellana;6.908,64;0;6.908,64;213,77;0;213,77;100;0;100;7.975,95;12.179,46;7.154,95;236,98;418,02;206;100;152,7;89,71;7.487,38;0;7.050,17;215,06;0;197,37;100;0;94,16;6.933,03;0;6.904,58;190,39;0;189,23;100;0;99,59;7.757,61;0;7.613,09;198,89;0;191,95;100;0;98,14;8.983,97;0;8.930,54;221,26;0;219,07;100;0;99,41;9.792,99;0;9.792,99;216,34;0;215,5;100;0;100
05. Chamartín;05. Chamartín;4.708,52;4.270,04;4.776,80;145,69;132,12;147,8;100;90,69;101,45;5.111,43;4.629,58;5.153,65;151,87;158,9;148,38;100;90,57;100,83;5.148,46;5.253,88;5.139,70;147,88;165,4;143,89;100;102,05;99,83;5.122,90;4.977,24;5.140,58;140,68;137,8;140,89;100;97,16;100,35;5.616,88;7.199,32;5.497,12;144,01;202,89;138,6;100;128,17;97,87;5.860,95;6.888,34;5.770,90;144,35;173,19;141,56;100;117,53;98,46;6.401,56;6.667,14;6.385,60;141,42;150,07;140,52;100;104,15;99,75
05. Chamartín;051. El Viso;5.506,71;0;5.563,31;170,39;0;172,14;100;0;101,03;6.413,03;0;6.346,50;190,54;0;182,72;100;0;98,96;6.861,72;6.827,79;6.868,27;197,08;214,95;192,28;100;99,51;100,1;6.888,17;0;6.818,84;189,15;0;186,88;100;0;98,99;7.061,58;0;6.817,17;181,05;0;171,89;100;0;96,54;7.235,62;0;7.154,26;178,2;0;175,5;100;0;98,88;7.883,12;0;7.892,74;174,15;0;173,69;100;0;100,12
05. Chamartín;052. Prosperidad;4.054,69;3.900,82;4.146,74;125,46;120,7;128,31;100;96,21;102,27;4.406,30;4.363,84;4.418,18;130,92;149,78;127,2;100;99,04;100,27;4.334,71;4.383,84;4.326,63;124,5;138,01;121,13;100;101,13;99,81;4.393,45;4.676,97;4.297,99;120,65;129,49;117,79;100;106,45;97,83;5.053,89;6.638,48;4.717,01;129,57;187,08;118,93;100;131,35;93,33;5.010,83;6.115,56;4.883,77;123,41;153,76;119,8;100;122,05;97,46;5.499,09;5.852,09;5.461,27;121,48;131,73;120,18;100;106,42;99,31
05. Chamartín;053. Ciudad Jardín;4.215,44;0;4.234,09;130,43;0;131,01;100;0;100,44;4.400,14;0;4.400,14;130,74;0;126,69;100;0;100;4.464,58;0;4.464,58;128,23;0;124,99;100;0;100;4.861,42;0;4.861,42;133,5;0;133,24;100;0;100;5.191,32;0;5.223,91;133,1;0;131,71;100;0;100,63;5.627,01;6.096,25;5.556,87;138,58;153,27;136,31;100;108,34;98,75;6.705,35;0;6.567,04;148,13;0;144,51;100;0;97,94
05. Chamartín;054. Hispanoamérica;5.035,74;0;4.961,22;155,82;0;153,51;100;0;98,52;5.469,64;0;5.488,27;162,51;0;158,01;100;0;100,34;5.158,11;0;5.146,06;148,15;0;144,07;100;0;99,77;5.456,99;0;5.439,15;149,85;0;149,07;100;0;99,67;6.229,68;0;6.237,32;159,72;0;157,27;100;0;100,12;6.322,94;0;6.266,28;155,72;0;153,71;100;0;99,1;6.570,69;0;6.510,00;145,16;0;143,26;100;0;99,08
05. Chamartín;055. Nueva España;5.719,41;0;5.739,83;176,97;0;177,6;100;0;100,36;6.325,86;0;6.382,51;187,95;0;183,76;100;0;100,9;6.351,07;0;6.373,44;182,42;0;178,43;100;0;100,35;6.172,91;0;6.172,91;169,51;0;169,18;100;0;100;5.660,08;0;5.551,71;145,12;0;139,98;100;0;98,09;7.026,52;9.151,52;6.748,63;173,05;230,09;165,55;100;130,24;96,05;7.252,24;0;7.256,37;160,21;0;159,68;100;0;100,06
05. Chamartín;056. Castilla;4.500,53;5.789,30;4.146,48;139,26;179,13;128,3;100;128,64;92,13;4.042,11;0;4.050,55;120,1;0;116,62;100;0;100,21;4.187,83;0;4.170,64;120,28;0;116,76;100;0;99,59;4.105,89;0;4.009,94;112,75;0;109,9;100;0;97,66;5.098,72;0;4.926,15;130,72;0;124,21;100;0;96,62;4.596,60;0;4.631,24;113,21;0;113,61;100;0;100,75;5.429,22;0;5.469,49;119,94;0;120,36;100;0;100,74
06. Tetuán;06. Tetuán;3.325,98;3.173,14;3.339,84;102,91;98,18;103,34;100;95,4;100,42;3.661,17;3.403,65;3.690,05;108,78;116,82;106,24;100;92,97;100,79;3.648,00;3.523,22;3.672,79;104,78;110,92;102,82;100;96,58;100,68;3.756,93;3.660,84;3.768,82;103,17;101,36;103,29;100;97,44;100,32;3.955,42;3.671,96;3.997,48;101,41;103,48;100,79;100;92,83;101,06;4.677,48;5.824,83;4.292,22;115,2;146,45;105,29;100;124,53;91,76;4.755,80;4.978,71;4.697,83;105,06;112,07;103,38;100;104,69;98,78
06. Tetuán;061. Bellas Vistas;3.097,95;0;3.081,70;95,86;0;95,35;100;0;99,48;3.427,00;0;3.427,00;101,82;0;98,67;100;0;100;3.446,77;0;3.446,77;99;0;96,49;100;0;100;3.523,47;3.946,01;3.469,09;96,76;109,25;95,08;100;111,99;98,46;3.771,22;4.620,90;3.704,01;96,69;130,23;93,39;100;122,53;98,22;4.005,91;0;3.996,88;98,66;0;98,04;100;0;99,77;4.355,09;4.583,26;4.332,00;96,21;103,17;95,33;100;105,24;99,47
06. Tetuán;062. Cuatro Caminos;4.067,98;0;4.080,04;125,87;0;126,24;100;0;100,3;4.440,52;0;4.451,05;131,94;0;128,15;100;0;100,24;4.412,33;5.649,54;4.239,70;126,73;177,85;118,69;100;128,04;96,09;4.397,06;0;4.404,85;120,75;0;120,72;100;0;100,18;4.802,46;0;4.777,68;123,13;0;120,46;100;0;99,48;5.096,26;4.996,68;5.101,26;125,51;125,63;125,14;100;98,05;100,1;5.479,99;5.521,77;5.473,68;121,06;124,29;120,45;100;100,76;99,88
06. Tetuán;063. Castillejos;4.048,17;0;4.043,61;125,26;0;125,12;100;0;99,89;4.448,78;0;4.346,92;132,18;0;125,15;100;0;97,71;4.480,50;0;4.480,50;128,69;0;125,43;100;0;100;4.288,21;0;4.288,21;117,76;0;117,53;100;0;100;4.847,93;0;4.847,93;124,29;0;122,23;100;0;100;4.949,86;0;4.937,55;121,91;0;121,12;100;0;99,75;5.472,11;5.494,71;5.470,01;120,89;123,68;120,37;100;100,41;99,96
06. Tetuán;064. Almenara;3.066,02;3.218,87;3.016,85;94,87;99,6;93,35;100;104,99;98,4;3.203,90;2.900,34;3.274,90;95,19;99,55;94,29;100;90,53;102,22;2.802,31;2.134,99;3.175,22;80,49;67,21;88,89;100;76,19;113,31;3.291,43;3.133,72;3.318,43;90,38;86,76;90,95;100;95,21;100,82;3.194,29;2.688,47;3.508,39;81,9;75,77;88,46;100;84,16;109,83;4.046,93;5.016,87;3.854,48;99,67;126,14;94,55;100;123,97;95,24;4.385,78;4.710,59;4.157,45;96,89;106,03;91,49;100;107,41;94,79
06. Tetuán;065. Valdeacederas;2.658,04;3.004,12;2.586,16;82,24;92,95;80,02;100;113,02;97,3;3.049,99;3.133,28;3.019,38;90,62;107,54;86,93;100;102,73;99;3.139,79;3.392,20;2.999,42;90,18;106,79;83,97;100;108,04;95,53;3.331,40;3.637,26;3.222,52;91,48;100,7;88,32;100;109,18;96,73;3.404,75;3.853,72;3.228,78;87,29;108,61;81,41;100;113,19;94,83;5.060,01;6.034,56;3.582,45;124,62;151,72;87,88;100;119,26;70,8;4.452,47;5.045,39;4.129,28;98,36;113,57;90,87;100;113,32;92,74
06. Tetuán;066. Berruguete;2.817,63;2.798,88;2.819,78;87,18;86,6;87,25;100;99,33;100,08;2.989,74;3.320,62;2.944,79;88,83;113,97;84,78;100;111,07;98,5;3.273,71;3.142,67;3.292,32;94,03;98,93;92,17;100;96;100,57;3.302,37;3.712,06;3.225,35;90,69;102,78;88,4;100;112,41;97,67;3.310,06;3.933,98;3.217,46;84,86;110,87;81,12;100;118,85;97,2;3.674,61;4.518,40;3.541,83;90,5;113,6;86,88;100;122,96;96,39;4.282,90;4.767,53;4.124,47;94,62;107,31;90,76;100;111,32;96,3
07. Chamberí;07. Chamberí;5.202,37;5.912,31;5.170,16;160,97;182,94;159,97;100;113,65;99,38;5.538,86;4.451,73;5.551,37;164,57;152,79;159,83;100;80,37;100,23;5.451,36;4.708,54;5.471,59;156,58;148,23;153,18;100;86,37;100,37;5.701,59;7.302,88;5.645,58;156,57;202,2;154,73;100;128,08;99,02;6.188,49;7.162,88;6.158,85;158,66;201,86;155,29;100;115,75;99,52;6.789,79;7.872,99;6.690,99;167,22;197,95;164,13;100;115,95;98,54;7.150,33;8.721,58;7.095,43;157,96;196,32;156,14;100;121,97;99,23
07. Chamberí;071. Gaztambide;4.831,87;0;4.811,86;149,51;0;148,89;100;0;99,59;5.493,24;0;5.501,27;163,22;0;158,39;100;0;100,15;5.086,21;0;5.088,22;146,09;0;142,45;100;0;100,04;5.174,60;0;5.179,95;142,1;0;141,97;100;0;100,1;5.605,32;0;5.583,08;143,71;0;140,77;100;0;99,6;6.618,75;0;6.602,12;163,01;0;161,95;100;0;99,75;6.657,11;9.568,34;6.413,73;147,06;215,38;141,14;100;143,73;96,34
07. Chamberí;072. Arapiles;5.091,47;4.708,93;5.114,62;157,54;145,7;158,26;100;92,49;100,45;5.661,02;0;5.657,18;168,2;0;162,88;100;0;99,93;5.304,27;0;5.301,33;152,35;0;148,41;100;0;99,94;5.357,23;0;5.357,23;147,11;0;146,82;100;0;100;5.964,52;0;5.942,30;152,92;0;149,83;100;0;99,63;6.431,52;6.931,13;6.391,17;158,4;174,27;156,78;100;107,77;99,37;6.654,11;0;6.654,11;147;0;146,43;100;0;100
07. Chamberí;073. Trafalgar;5.201,14;0;5.209,03;160,93;0;161,18;100;0;100,15;5.516,80;0;5.520,79;163,92;0;158,95;100;0;100,07;5.626,61;0;5.622,56;161,61;0;157,41;100;0;99,93;5.476,80;0;5.457,06;150,4;0;149,56;100;0;99,64;6.215,88;0;6.217,25;159,37;0;156,76;100;0;100,02;6.628,31;0;6.628,31;163,24;0;162,59;100;0;100;7.322,66;0;7.325,93;161,77;0;161,21;100;0;100,04
07. Chamberí;074. Almagro;6.257,77;0;6.254,67;193,63;0;193,53;100;0;99,95;6.345,97;0;6.367,31;188,55;0;183,32;100;0;100,34;6.778,41;0;6.787,95;194,69;0;190,03;100;0;100,14;7.373,38;0;7.282,15;202,48;0;199,58;100;0;98,76;7.595,59;0;7.534,38;194,74;0;189,97;100;0;99,19;8.249,90;8.990,44;8.157,33;203,18;226,04;200,1;100;108,98;98,88;9.287,64;0;9.274,83;205,18;0;204,1;100;0;99,86
07. Chamberí;075. Ríos Rosas;5.277,92;6.456,39;5.110,11;163,31;199,77;158,12;100;122,33;96,82;5.421,65;0;5.449,13;161,09;0;156,89;100;0;100,51;5.240,96;0;5.301,41;150,53;0;148,41;100;0;101,15;5.782,02;7.116,71;5.588,05;158,78;197,04;153,15;100;123,08;96,65;6.238,76;6.648,32;6.178,83;159,95;187,36;155,79;100;106,56;99,04;6.592,80;8.312,20;6.309,13;162,37;208,99;154,76;100;126,08;95,7;6.792,64;0;6.728,85;150,06;0;148,07;100;0;99,06
07. Chamberí;076. Vallehermoso;4.564,21;0;4.564,21;141,23;0;141,23;100;0;100;4.739,14;0;4.768,92;140,81;0;137,3;100;0;100,63;4.882,43;0;4.918,48;140,23;0;137,69;100;0;100,74;5.044,46;0;5.069,68;138,52;0;138,94;100;0;100,5;5.577,05;0;5.577,05;142,99;0;140,62;100;0;100;6.090,19;6.825,44;5.926,28;149,99;171,61;145,37;100;112,07;97,31;5.997,21;0;5.965,43;132,49;0;131,27;100;0;99,47
08. Fuencarral-El Pardo;08. Fuencarral-El Pardo;3.311,77;3.313,84;3.310,43;102,47;102,54;102,43;100;100,06;99,96;3.532,33;3.473,77;3.572,29;104,95;119,23;102,85;100;98,34;101,13;3.704,16;3.880,00;3.609,65;106,39;122,15;101,05;100;104,75;97,45;4.037,31;4.533,67;3.751,29;110,87;125,52;102,81;100;112,29;92,92;4.054,52;4.186,43;4.001,37;103,95;117,98;100,89;100;103,25;98,69;4.480,81;5.287,45;4.097,63;110,35;132,94;100,52;100;118;91,45;4.594,85;5.114,73;4.388,60;101,51;115,13;96,57;100;111,31;95,51
08. Fuencarral-El Pardo;081. El Pardo;2.430,23;0;2.430,23;75,2;0;75,2;100;0;100;0;0;0;0;0;0;100;0;0;0;0;0;0;0;0;100;0;0;3.021,76;0;3.021,76;82,98;0;82,82;100;0;2,27;3.326,83;0;3.362,34;85,29;0;84,78;100;0;2,17;3.282,62;0;3.282,62;80,85;0;80,52;100;0;1,98;3.124,98;0;3.124,98;69,04;0;68,77;100;0;1,52
08. Fuencarral-El Pardo;082. Fuentelarreina;3.580,61;0;3.580,61;110,79;0;110,79;100;0;100;3.762,46;0;3.762,46;111,79;0;108,33;100;0;100;4.204,21;0;4.411,07;120,75;0;123,49;100;0;104,92;3.740,43;0;3.695,88;102,71;0;101,29;100;0;98,81;4.274,97;4.052,17;4.683,44;109,6;114,2;118,09;100;94,79;109,55;4.462,11;0;4.439,70;109,89;0;108,91;100;0;99,5;4.597,66;0;4.597,66;101,57;0;101,17;100;0;100
08. Fuencarral-El Pardo;083. Peñagrande;3.296,22;3.816,65;3.119,41;101,99;118,09;96,52;100;115,79;94,64;3.449,96;2.817,05;3.504,14;102,51;96,69;100,89;100;81,65;101,57;3.371,99;3.230,95;3.421,95;96,85;101,71;95,8;100;95,82;101,48;3.554,93;3.402,40;3.589,43;97,62;94,2;98,37;100;95,71;100,97;3.992,90;4.378,68;3.912,74;102,37;123,4;98,65;100;109,66;97,99;4.013,27;3.324,99;4.061,23;98,84;83,6;99,62;100;82,85;101,2;4.647,79;6.197,95;4.295,26;102,68;139,51;94,52;100;133,35;92,42
08. Fuencarral-El Pardo;084. Pilar;3.162,58;3.276,47;3.133,02;97,86;101,38;96,94;100;103,6;99,07;3.435,90;3.340,72;3.475,77;102,09;114,66;100,07;100;97,23;101,16;3.347,02;3.252,93;3.368,82;96,13;102,41;94,31;100;97,19;100,65;3.436,49;3.379,54;3.455,67;94,37;93,57;94,71;100;98,34;100,56;3.788,20;3.681,61;3.818,93;97,12;103,75;96,29;100;97,19;100,81;3.957,97;3.791,89;4.022,55;97,48;95,34;98,67;100;95,8;101,63;4.318,47;4.198,02;4.389,39;95,4;94,5;96,59;100;97,21;101,64
08. Fuencarral-El Pardo;085. La Paz;3.371,77;0;3.420,08;104,33;0;105,82;100;0;101,43;3.643,28;0;3.674,34;108,25;0;105,79;100;0;100,85;3.377,56;0;3.403,29;97,01;0;95,28;100;0;100,76;3.672,89;0;3.680,06;100,86;0;100,86;100;0;100,2;3.969,93;0;3.981,44;101,78;0;100,39;100;0;100,29;3.800,94;0;3.818,86;93,61;0;93,68;100;0;100,47;4.250,25;4.190,75;4.268,52;93,89;94,33;93,93;100;98,6;100,43
08. Fuencarral-El Pardo;086. Valverde;2.802,72;2.471,89;3.043,60;86,72;76,49;94,17;100;88,2;108,59;3.482,97;3.885,97;3.229,81;103,49;133,37;92,99;100;111,57;92,73;3.454,15;3.392,55;3.479,13;99,21;106,8;97,4;100;98,22;100,72;4.408,98;5.140,66;3.578,92;121,07;142,33;98,09;100;116,6;81,17;4.003,80;4.673,40;3.656,08;102,65;131,71;92,18;100;116,72;91,32;3.852,75;4.294,88;3.664,09;94,89;107,98;89,88;100;111,48;95,1;4.046,65;4.252,06;3.987,48;89,4;95,71;87,75;100;105,08;98,54
08. Fuencarral-El Pardo;087. Mirasierra;3.897,40;3.637,21;4.267,97;120,59;112,54;132,06;100;93,32;109,51;3.097,57;2.686,97;4.314,16;92,04;92,22;124,21;100;86,74;139,28;4.012,29;3.634,93;4.576,16;115,24;114,43;128,11;100;90,59;114,05;4.464,42;4.304,45;4.642,48;122,6;119,18;127,24;100;96,42;103,99;4.281,56;3.345,00;5.060,98;109,77;94,27;127,61;100;78,13;118,2;6.127,26;6.609,21;5.262,23;150,9;166,17;129,08;100;107,87;85,88;5.841,08;6.175,86;5.533,09;129,04;139,02;121,76;100;105,73;94,73
08. Fuencarral-El Pardo;088. El Goloso;4.000,59;3.841,54;5.007,87;123,79;118,86;154,95;100;96,02;125,18;5.244,35;5.401,74;4.848,94;155,82;185,4;139,61;100;103;92,46;5.197,95;5.308,78;4.813,72;149,3;167,13;134,76;100;102,13;92,61;5.364,90;5.221,05;5.592,29;147,32;144,56;153,27;100;97,32;104,24;5.565,28;5.412,74;5.842,12;142,68;152,54;147,3;100;97,26;104,97;5.731,10;5.647,05;5.904,01;141,15;141,98;144,83;100;98,53;103,02;5.882,25;5.822,40;5.942,10;129,95;131,06;130,76;100;98,98;101,02
09. Moncloa-Aravaca;09. Moncloa-Aravaca;3.754,98;3.916,07;3.686,56;116,19;121,17;114,07;100;104,29;98,18;3.952,35;4.338,93;3.873,82;117,43;148,92;111,53;100;109,78;98,01;3.961,30;4.636,92;3.757,32;113,78;145,98;105,19;100;117,06;94,85;4.451,38;6.622,68;3.910,39;122,24;183,36;107,17;100;148,78;87,85;4.512,62;5.499,05;4.326,81;115,7;154,97;109,09;100;121,86;95,88;4.643,00;5.394,90;4.541,03;114,35;135,64;111,39;100;116,19;97,8;5.088,08;5.718,04;4.938,41;112,4;128,71;108,67;100;112,38;97,06
09. Moncloa-Aravaca;091. Casa de Campo;3.179,25;3.291,18;3.136,31;98,37;101,84;97,04;100;103,52;98,65;3.339,15;0;3.419,56;99,21;0;98,45;100;0;102,41;3.420,86;0;3.472,16;98,26;0;97,2;100;0;101,5;3.758,61;3.209,65;3.895,85;103,21;88,87;106,77;100;85,39;103,65;4.134,56;4.080,53;4.148,06;106;115;104,59;100;98,69;100,33;4.250,27;3.877,62;4.331,28;104,68;97,49;106,25;100;91,23;101,91;4.444,80;4.454,27;4.442,58;98,19;100,26;97,76;100;100,21;99,95
09. Moncloa-Aravaca;092. Argüelles;4.496,86;4.678,20;4.444,09;139,14;144,75;137,51;100;104,03;98,83;4.784,89;4.879,82;4.755,73;142,17;167,49;136,92;100;101,98;99,39;5.166,85;5.180,39;5.161,60;148,4;163,08;144,5;100;100,26;99,9;6.065,12;7.578,00;4.817,79;166,55;209,81;132,04;100;124,94;79,43;5.856,06;6.643,97;5.535,97;150,14;187,24;139,58;100;113,45;94,53;5.730,29;5.681,51;5.746,39;141,13;142,85;140,96;100;99,15;100,28;6.425,21;6.875,25;6.212,14;141,94;154,76;136,7;100;107;96,68
09. Moncloa-Aravaca;093. Ciudad Universitaria;4.134,58;0;4.132,75;127,93;0;127,88;100;0;99,96;4.360,67;0;4.362,82;129,56;0;125,61;100;0;100,05;3.755,05;0;3.755,05;107,85;0;105,12;100;0;100;4.319,97;5.824,00;4.022,14;118,63;161,25;110,23;100;134,82;93,11;4.486,39;0;4.451,59;115,02;0;112,24;100;0;99,22;4.531,60;0;4.353,68;111,61;0;106,8;100;0;96,07;5.356,93;4.980,01;5.399,76;118,34;112,1;118,83;100;92,96;100,8
09. Moncloa-Aravaca;094. Valdezarza;2.872,01;3.206,91;2.793,62;88,87;99,23;86,44;100;111,66;97,27;3.187,92;3.810,93;3.035,11;94,72;130,8;87,38;100;119,54;95,21;3.224,64;4.156,63;2.899,27;92,62;130,86;81,17;100;128,9;89,91;3.004,08;0;2.974,95;82,49;0;81,53;100;0;99,03;3.238,76;3.734,54;3.174,25;83,04;105,25;80,03;100;115,31;98,01;3.303,39;0;3.304,36;81,36;0;81,06;100;0;100,03;3.683,14;0;3.663,10;81,37;0;80,61;100;0;99,46
09. Moncloa-Aravaca;095. Valdemarín;4.022,40;4.171,04;3.974,84;124,46;129,06;122,99;100;103,7;98,82;4.806,85;0;4.788,70;142,82;0;137,87;100;0;99,62;3.987,21;0;3.905,78;114,52;0;109,34;100;0;97,96;4.563,39;0;4.563,39;125,31;0;125,07;100;0;100;5.168,96;0;5.097,16;132,52;0;128,52;100;0;98,61;4.994,74;0;4.927,53;123,01;0;120,87;100;0;98,65;4.761,00;3.611,20;5.659,94;105,18;81,29;124,55;100;75,85;118,88
09. Moncloa-Aravaca;096. El Plantío;3.359,38;0;3.647,62;103,95;0;112,86;100;0;108,58;3.146,36;0;3.146,36;93,48;0;90,59;100;0;100;4.576,47;5.263,70;3.420,66;131,45;165,71;95,76;100;115,02;74,74;4.267,15;0;4.119,93;117,18;0;112,91;100;0;96,55;4.544,10;0;4.544,10;116,5;0;114,57;100;0;100;0;0;0;0;0;0;100;0;0;4.470,67;0;4.250,10;98,76;0;93,53;100;0;95,07
09. Moncloa-Aravaca;097. Aravaca;3.782,06;3.927,83;3.634,45;117,02;121,53;112,46;100;103,85;96,1;4.059,23;4.907,83;3.896,04;120,61;168,45;112,17;100;120,91;95,98;3.891,01;4.575,68;3.745,64;111,76;144,05;104,86;100;117,6;96,26;3.993,14;0;3.959,31;109,65;0;108,51;100;0;99,15;4.361,71;0;4.388,88;111,83;0;110,66;100;0;100,62;4.564,22;0;4.542,44;112,41;0;111,43;100;0;99,52;5.203,49;6.266,18;4.994,53;114,95;141,05;109,91;100;120,42;95,98
10. Latina;10. Latina;2.103,49;2.174,81;2.083,55;65,09;67,29;64,47;100;103,39;99,05;2.309,59;2.395,74;2.290,91;68,62;82,23;65,96;100;103,73;99,19;2.423,18;2.794,27;2.307,11;69,6;87,97;64,59;100;115,31;95,21;2.340,85;2.376,24;2.334,12;64,28;65,79;63,97;100;101,51;99,71;2.507,78;2.657,49;2.482,76;64,3;74,89;62,6;100;105,97;99;2.636,10;2.952,50;2.586,06;64,92;74,23;63,44;100;112;98,1;2.895,11;3.134,34;2.839,67;63,96;70,55;62,49;100;108,26;98,09
10. Latina;101. Los Cármenes;2.021,75;2.199,57;1.983,09;62,56;68,06;61,36;100;108,8;98,09;2.468,47;2.618,48;2.427,96;73,34;89,87;69,9;100;106,08;98,36;2.319,70;2.450,30;2.287,05;66,63;77,14;64,03;100;105,63;98,59;2.465,68;2.529,92;2.453,60;67,71;70,05;67,25;100;102,61;99,51;2.672,55;2.698,50;2.664,71;68,52;76,05;67,19;100;100,97;99,71;2.722,75;2.654,50;2.731,98;67,06;66,74;67,02;100;97,49;100,34;2.971,74;3.210,06;2.901,78;65,65;72,26;63,86;100;108,02;97,65
10. Latina;102. Puerta del Ángel;2.323,04;2.277,35;2.338,19;71,88;70,47;72,35;100;98,03;100,65;2.574,74;2.557,80;2.579,80;76,5;87,79;74,28;100;99,34;100,2;2.575,67;2.644,48;2.554,93;73,98;83,25;71,53;100;102,67;99,19;2.611,52;2.603,64;2.613,76;71,71;72,09;71,63;100;99,7;100,09;2.796,26;2.874,02;2.772,14;71,69;81;69,9;100;102,78;99,14;2.883,88;3.051,30;2.832,68;71,03;76,72;69,49;100;105,81;98,22;3.293,67;3.417,80;3.239,32;72,76;76,93;71,28;100;103,77;98,35
10. Latina;103. Lucero;2.099,75;2.262,57;2.066,87;64,97;70,01;63,95;100;107,75;98,43;2.230,17;2.167,77;2.239,02;66,26;74,4;64,46;100;97,2;100,4;2.334,97;2.517,12;2.298,54;67,07;79,24;64,35;100;107,8;98,44;2.294,92;2.422,60;2.274,44;63,02;67,07;62,34;100;105,56;99,11;2.408,06;2.434,32;2.404,30;61,74;68,6;60,62;100;101,09;99,84;2.608,14;3.382,33;2.456,39;64,23;85,04;60,26;100;129,68;94,18;2.852,81;3.017,42;2.819,89;63,02;67,92;62,05;100;105,77;98,85
10. Latina;104. Aluche;2.055,34;2.303,85;2.006,86;63,6;71,29;62,1;100;112,09;97,64;2.178,89;2.178,31;2.178,93;64,74;74,76;62,73;100;99,97;100;2.530,65;3.244,94;2.208,90;72,69;102,15;61,84;100;128,23;87,29;2.247,29;2.362,92;2.238,48;61,71;65,42;61,35;100;105,15;99,61;2.362,33;2.343,04;2.364,21;60,57;66,03;59,61;100;99,18;100,08;2.484,34;2.854,68;2.467,98;61,19;71,77;60,54;100;114,91;99,34;2.686,61;2.607,80;2.694,20;59,35;58,7;59,29;100;97,07;100,28
10. Latina;105. Campamento;1.951,44;1.887,50;1.970,37;60,38;58,4;60,97;100;96,72;100,97;2.078,73;2.260,16;2.035,68;61,76;77,57;58,61;100;108,73;97,93;2.156,49;2.214,33;2.143,19;61,94;69,71;60;100;102,68;99,38;2.159,81;2.033,81;2.187,80;59,31;56,31;59,96;100;94,17;101,3;2.379,49;2.795,16;2.320,11;61,01;78,77;58,5;100;117,47;97,5;2.502,57;2.450,35;2.509,89;61,63;61,61;61,57;100;97,91;100,29;2.819,36;3.174,03;2.700,20;62,28;71,45;59,42;100;112,58;95,77
10. Latina;106. Cuatro Vientos;2.834,24;0;0;87,7;0;0;100;0;0;3.199,68;0;3.192,11;95,07;0;91,9;100;0;99,76;3.125,68;0;3.152,85;89,78;0;88,27;100;0;100,87;3.086,26;0;3.097,03;84,75;0;84,88;100;0;100,35;3.092,20;0;3.097,49;79,28;0;78,1;100;0;100,17;3.375,62;0;3.394,52;83,14;0;83,27;100;0;100,56;3.502,69;0;3.502,69;77,38;0;77,08;100;0;100
10. Latina;107. Águilas;1.948,70;1.957,71;1.944,19;60,3;60,58;60,16;100;100,46;99,77;2.243,51;2.376,93;2.175,83;66,66;81,58;62,64;100;105,95;96,98;2.212,08;2.288,28;2.188,53;63,54;72,04;61,27;100;103,44;98,94;2.153,24;2.163,38;2.149,73;59,13;59,9;58,92;100;100,47;99,84;2.350,98;2.440,14;2.341,93;60,28;68,77;59,05;100;103,79;99,62;2.491,21;2.352,08;2.509,57;61,35;59,14;61,56;100;94,42;100,74;2.620,47;2.822,75;2.581,16;57,89;63,54;56,8;100;107,72;98,5
11. Carabanchel;11. Carabanchel;1.979,46;2.150,63;1.944,43;61,25;66,54;60,16;100;108,65;98,23;2.178,48;2.290,74;2.156,29;64,73;78,62;62,08;100;105,15;98,98;2.352,41;2.543,97;2.306,54;67,57;80,09;64,57;100;108,14;98,05;2.335,49;2.344,28;2.333,45;64,13;64,91;63,95;100;100,38;99,91;2.454,64;2.879,41;2.389,46;62,93;81,15;60,25;100;117,3;97,34;2.480,02;2.899,15;2.425,38;61,08;72,89;59,5;100;116,9;97,8;2.831,45;3.408,28;2.720,33;62,55;76,72;59,86;100;120,37;96,08
11. Carabanchel;111. Comillas;2.307,17;2.258,67;2.320,67;71,39;69,89;71,81;100;97,9;100,59;2.503,79;0;2.499,15;74,39;0;71,95;100;0;99,81;2.756,18;3.368,08;2.593,01;79,16;106,03;72,59;100;122,2;94,08;2.658,56;2.778,05;2.624,75;73,01;76,92;71,94;100;104,49;98,73;2.838,59;2.831,18;2.839,48;72,78;79,79;71,59;100;99,74;100,03;2.781,64;2.685,65;2.790,07;68,51;67,52;68,44;100;96,55;100,3;3.309,39;0;3.310,50;73,11;0;72,85;100;0;100,03
11. Carabanchel;112. Opañel;2.052,60;2.377,57;1.983,76;63,51;73,57;61,38;100;115,83;96,65;2.278,29;2.563,37;2.223,60;67,69;87,98;64,02;100;112,51;97,6;2.532,89;2.838,08;2.428,42;72,75;89,35;67,98;100;112,05;95,88;2.433,51;2.463,19;2.418,67;66,83;68,2;66,29;100;101,22;99,39;2.500,72;3.153,49;2.344,68;64,11;88,87;59,12;100;126,1;93,76;2.468,48;2.866,40;2.413,89;60,79;72,07;59,21;100;116,12;97,79;2.821,21;4.000,79;2.696,82;62,32;90,06;59,35;100;141,81;95,59
11. Carabanchel;113. San Isidro;2.116,27;2.579,39;2.034,54;65,48;79,81;62,95;100;121,88;96,14;2.211,32;2.431,20;2.162,99;65,7;83,44;62,27;100;109,94;97,81;2.554,98;2.555,38;2.554,90;73,39;80,45;71,53;100;100,02;100;2.473,89;2.329,08;2.495,53;67,93;64,49;68,39;100;94,15;100,87;2.630,78;3.122,07;2.542,48;67,45;87,99;64,11;100;118,67;96,64;2.600,56;2.685,26;2.590,40;64,05;67,51;63,54;100;103,26;99,61;3.094,47;3.249,14;3.071,40;68,36;73,14;67,59;100;105;99,25
11. Carabanchel;114. Vista Alegre;1.865,71;1.974,24;1.857,10;57,73;61,09;57,46;100;105,82;99,54;2.128,06;2.235,40;2.119,90;63,23;76,72;61,03;100;105,04;99,62;2.122,10;0;2.104,37;60,95;0;58,91;100;0;99,16;2.193,55;2.246,68;2.187,57;60,24;62,2;59,95;100;102,42;99,73;2.236,79;2.465,82;2.224,24;57,35;69,49;56,08;100;110,24;99,44;2.443,73;2.898,53;2.412,23;60,18;72,88;59,17;100;118,61;98,71;2.587,19;2.817,49;2.574,82;57,15;63,42;56,66;100;108,9;99,52
11. Carabanchel;115. Puerta Bonita;1.743,88;1.860,81;1.716,99;53,96;57,58;53,13;100;106,71;98,46;1.987,58;2.132,15;1.955,29;59,06;73,18;56,3;100;107,27;98,38;2.054,07;2.265,72;1.932,38;59;71,33;54,1;100;110,3;94,08;2.054,57;2.126,33;2.036,83;56,42;58,87;55,82;100;103,49;99,14;2.125,93;2.498,15;2.057,15;54,51;70,4;51,87;100;117,51;96,76;2.196,36;2.322,59;2.182,20;54,09;58,4;53,53;100;105,75;99,36;2.425,96;2.694,69;2.376,96;53,59;60,66;52,31;100;111,08;97,98
11. Carabanchel;116. Buenavista;2.058,58;2.014,17;2.078,52;63,7;62,32;64,31;100;97,84;100,97;2.306,07;2.207,33;2.353,15;68,52;75,76;67,75;100;95,72;102,04;2.355,22;2.336,41;2.364,09;67,65;73,55;66,18;100;99,2;100,38;2.365,26;2.278,65;2.396,91;64,95;63,09;65,69;100;96,34;101,34;2.637,71;2.896,09;2.579,30;67,63;81,62;65,03;100;109,8;97,79;2.678,66;3.299,26;2.485,94;65,97;82,95;60,98;100;123,17;92,81;3.180,34;3.705,93;2.864,42;70,26;83,42;63,03;100;116,53;90,07
11. Carabanchel;117. Abrantes;1.774,53;1.898,12;1.755,80;54,91;58,73;54,33;100;106,96;98,94;1.901,37;0;1.895,42;56,49;0;54,57;100;0;99,69;1.951,76;0;1.935,95;56,06;0;54,2;100;0;99,19;2.013,23;0;2.018,02;55,28;0;55,31;100;0;100,24;2.210,36;0;2.207,95;56,67;0;55,67;100;0;99,89;2.130,72;2.304,80;2.120,80;52,48;57,95;52,02;100;108,17;99,53;2.385,79;2.379,75;2.386,21;52,71;53,57;52,51;100;99,75;100,02
12. Usera;12. Usera;1.722,97;1.661,17;1.789,41;53,31;51,4;55,37;100;96,41;103,86;1.896,40;1.800,60;1.935,18;56,35;61,8;55,72;100;94,95;102,04;2.323,82;2.672,15;1.945,22;66,75;84,12;54,46;100;114,99;83,71;2.065,27;2.163,37;2.040,74;56,71;59,9;55,93;100;104,75;98,81;2.183,17;2.477,78;2.147,55;55,97;69,83;54,15;100;113,49;98,37;2.303,88;2.492,68;2.288,84;56,74;62,67;56,15;100;108,19;99,35;2.516,33;2.800,69;2.495,19;55,59;63,04;54,91;100;111,3;99,16
12. Usera;121. Orcasitas;1.613,76;1.619,94;1.603,47;49,93;50,12;49,61;100;100,38;99,36;1.750,82;1.546,92;1.828,99;52,02;53,09;52,66;100;88,35;104,46;1.747,23;0;1.793,55;50,18;0;50,21;100;0;102,65;1.865,41;0;1.953,69;51,23;0;53,54;100;0;104,73;1.654,28;0;1.658,74;42,41;0;41,82;100;0;100,27;1.758,15;0;1.758,15;43,3;0;43,13;100;0;100;2.022,97;0;2.021,88;44,69;0;44,49;100;0;99,95
12. Usera;122. Orcasur;1.589,99;1.395,23;2.198,64;49,2;43,17;68,03;100;87,75;138,28;1.678,25;1.613,24;1.723,88;49,86;55,37;49,63;100;96,13;102,72;1.761,21;1.720,47;1.776,26;50,59;54,16;49,73;100;97,69;100,85;1.909,23;0;1.979,26;52,43;0;54,25;100;0;103,67;2.850,80;0;2.798,73;73,09;0;70,57;100;0;98,17;0;0;0;0;0;0;100;0;0;2.855,32;0;2.871,15;63,08;0;63,18;100;0;100,55
12. Usera;123. San Fermín;1.652,42;0;1.653,63;51,13;0;51,17;100;0;100,07;1.851,29;0;1.853,25;55,01;0;53,36;100;0;100,11;1.941,35;0;1.911,57;55,76;0;53,52;100;0;98,47;1.876,29;0;1.866,17;51,52;0;51,15;100;0;99,46;2.044,48;0;2.047,99;52,42;0;51,64;100;0;100,17;2.036,52;0;2.040,50;50,16;0;50,05;100;0;100,2;2.317,21;0;2.309,45;51,19;0;50,82;100;0;99,67
12. Usera;124. Almendrales;1.879,19;1.596,21;2.297,50;58,15;49,39;71,09;100;84,94;122,26;2.023,67;1.777,67;2.146,67;60,13;61,01;61,81;100;87,84;106,08;2.738,97;2.882,75;2.040,64;78,67;90,75;57,13;100;105,25;74,5;2.561,77;2.851,57;2.451,06;70,35;78,95;67,18;100;111,31;95,68;2.409,57;0;2.293,63;61,78;0;57,83;100;0;95,19;2.687,09;2.659,23;2.691,87;66,18;66,86;66,03;100;98,96;100,18;2.915,03;0;2.930,51;64,4;0;64,49;100;0;100,53
12. Usera;125. Moscardó;1.850,22;1.779,16;1.958,46;57,25;55,05;60,6;100;96,16;105,85;2.059,12;1.924,17;2.117,73;61,18;66,04;60,97;100;93,45;102,85;2.033,62;1.859,42;2.089,54;58,41;58,54;58,5;100;91,43;102,75;2.131,12;2.104,90;2.138,68;58,52;58,28;58,61;100;98,77;100,35;2.379,49;2.544,47;2.346,49;61,01;71,71;59,16;100;106,93;98,61;2.700,19;2.680,85;2.702,17;66,5;67,4;66,29;100;99,28;100,07;2.786,36;0;2.752,89;61,55;0;60,58;100;0;98,8
12. Usera;126. Zofío;1.667,48;0;1.673,28;51,6;0;51,77;100;0;100,35;1.990,79;0;1.918,90;59,15;0;55,25;100;0;96,39;1.920,80;1.942,41;1.908,88;55,17;61,15;53,44;100;101,13;99,38;1.755,15;0;1.779,19;48,2;0;48,76;100;0;101,37;2.107,67;0;2.095,48;54,04;0;52,83;100;0;99,42;2.103,87;0;2.091,53;51,81;0;51,31;100;0;99,41;2.488,09;0;2.406,42;54,97;0;52,96;100;0;96,72
12. Usera;127. Pradolongo;1.644,78;1.721,44;1.329,35;50,89;53,26;41,13;100;104,66;80,82;1.862,41;1.842,83;1.879,58;55,34;63,25;54,12;100;98,95;100,92;1.940,20;1.864,80;1.967,73;55,73;58,71;55,09;100;96,11;101,42;1.871,77;1.860,91;1.875,16;51,4;51,52;51,39;100;99,42;100,18;0;0;0;0;0;0;100;0;0;0;0;0;0;0;0;100;0;0;2.231,88;0;2.381,69;49,31;0;52,41;100;0;0
13. Puente de Vallecas;13. Puente de Vallecas;1.637,04;1.617,61;1.644,77;50,65;50,05;50,89;100;98,81;100,47;1.841,52;1.826,79;1.846,07;54,72;62,7;53,15;100;99,2;100,25;1.908,39;1.888,57;1.914,69;54,81;59,45;53,6;100;98,96;100,33;1.908,50;1.859,65;1.925,15;52,41;51,49;52,76;100;97,44;100,87;2.110,69;2.196,98;2.081,79;54,11;61,92;52,49;100;104,09;98,63;2.146,86;2.181,35;2.136,70;52,87;54,84;52,41;100;101,61;99,53;2.444,16;2.463,26;2.439,69;53,99;55,45;53,69;100;100,78;99,82
13. Puente de Vallecas;131. Entrevías;1.386,87;1.453,86;1.310,91;42,91;44,99;40,56;100;104,83;94,52;1.660,40;1.692,83;1.634,26;49,33;58,1;47,05;100;101,95;98,43;1.712,29;1.559,26;1.835,46;49,18;49,09;51,38;100;91,06;107,19;1.735,19;1.704,96;1.765,16;47,65;47,21;48,38;100;98,26;101,73;1.826,99;1.761,14;1.884,60;46,84;49,63;47,52;100;96,4;103,15;1.963,83;1.942,03;1.984,68;48,37;48,83;48,68;100;98,89;101,06;2.138,82;2.155,32;2.125,59;47,25;48,52;46,78;100;100,77;99,38
13. Puente de Vallecas;132. San Diego;1.652,30;1.637,47;1.659,41;51,13;50,67;51,35;100;99,1;100,43;1.930,50;1.874,60;1.960,52;57,36;64,34;56,45;100;97,1;101,56;1.953,47;1.822,36;2.022,03;56,11;57,37;56,61;100;93,29;103,51;2.014,65;1.868,34;2.070,82;55,32;51,73;56,75;100;92,74;102,79;2.143,48;2.077,40;2.172,96;54,96;58,55;54,79;100;96,92;101,38;2.278,05;2.424,44;2.206,35;56,1;60,96;54,12;100;106,43;96,85;2.508,13;2.629,51;2.452,35;55,41;59,19;53,97;100;104,84;97,78
13. Puente de Vallecas;133. Palomeras Bajas;1.761,74;1.840,48;1.743,54;54,51;56,95;53,95;100;104,47;98,97;1.870,45;1.884,46;1.867,30;55,57;64,68;53,76;100;100,75;99,83;1.963,09;1.962,93;1.963,13;56,38;61,8;54,96;100;99,99;100;1.995,50;1.901,85;2.016,56;54,8;52,66;55,27;100;95,31;101,06;2.128,24;2.072,97;2.138,83;54,56;58,42;53,93;100;97,4;100,5;2.200,42;1.928,70;2.247,10;54,19;48,49;55,12;100;87,65;102,12;2.487,89;2.387,19;2.503,51;54,96;53,73;55,09;100;95,95;100,63
13. Puente de Vallecas;134. Palomeras Sureste;1.592,74;1.710,60;1.545,79;49,28;52,93;47,83;100;107,4;97,05;1.648,98;1.668,94;1.645,75;48,99;57,28;47,38;100;101,21;99,8;1.748,82;1.779,87;1.743,52;50,23;56,03;48,81;100;101,78;99,7;1.832,09;1.999,01;1.760,26;50,31;55,35;48,24;100;109,11;96,08;2.148,95;2.745,61;1.850,62;55,1;77,38;46,66;100;127,77;86,12;1.994,56;2.506,02;1.937,92;49,12;63,01;47,54;100;125,64;97,16;2.245,45;2.310,02;2.239,13;49,61;52;49,27;100;102,88;99,72
13. Puente de Vallecas;135. Portazgo;1.560,24;1.518,38;1.573,61;48,28;46,98;48,69;100;97,32;100,86;1.773,79;1.825,04;1.757,68;52,7;62,64;50,61;100;102,89;99,09;1.792,21;1.855,75;1.778,40;51,48;58,42;49,79;100;103,55;99,23;1.827,73;1.858,79;1.823,12;50,19;51,46;49,97;100;101,7;99,75;2.061,83;2.134,75;2.053,84;52,86;60,16;51,78;100;103,54;99,61;2.039,79;1.990,73;2.048,91;50,24;50,05;50,26;100;97,59;100,45;2.313,93;2.103,77;2.344,09;51,12;47,35;51,58;100;90,92;101,3
13. Puente de Vallecas;136. Numancia;1.756,26;1.659,02;1.777,46;54,34;51,33;55;100;94,46;101,21;2.003,37;1.972,02;2.008,42;59,52;67,68;57,82;100;98,44;100,25;2.106,40;2.486,26;2.023,55;60,5;78,27;56,65;100;118,03;96,07;1.933,99;1.867,47;1.944,20;53,11;51,7;53,28;100;96,56;100,53;2.194,78;2.222,00;2.191,41;56,27;62,62;55,25;100;101,24;99,85;2.232,74;1.999,76;2.261,13;54,99;50,28;55,47;100;89,57;101,27;2.730,31;3.159,85;2.693,13;60,32;71,13;59,26;100;115,73;98,64
14. Moratalaz;14. Moratalaz;2.321,59;2.293,25;2.322,99;71,83;70,96;71,88;100;98,78;100,06;2.551,94;2.164,59;2.575,81;75,82;74,29;74,16;100;84,82;100,94;2.499,60;2.212,88;2.512,63;71,79;69,66;70,34;100;88,53;100,52;2.593,33;2.616,53;2.591,61;71,21;72,44;71,03;100;100,89;99,93;2.767,30;2.736,54;2.769,45;70,95;77,12;69,83;100;98,89;100,08;2.837,45;2.905,33;2.834,41;69,88;73,05;69,53;100;102,39;99,89;3.174,38;3.103,22;3.177,11;70,13;69,85;69,91;100;97,76;100,09
14. Moratalaz;141. Pavones;2.148,76;0;2.169,63;66,49;0;67,13;100;0;100,97;1.997,15;0;2.035,41;59,34;0;58,6;100;0;101,92;2.225,09;0;2.225,09;63,91;0;62,29;100;0;100;2.117,70;0;2.138,13;58,15;0;58,6;100;0;100,96;2.357,79;0;2.346,06;60,45;0;59,15;100;0;99,5;2.525,56;0;2.561,32;62,2;0;62,83;100;0;101,42;2.815,40;0;2.815,40;62,2;0;61,95;100;0;100
14. Moratalaz;142. Horcajo;3.199,22;0;3.098,05;98,99;0;95,86;100;0;96,84;0;0;0;0;0;0;100;0;0;0;0;0;0;0;0;100;0;0;3.376,86;0;0;92,73;0;0;100;0;0;3.648,54;0;3.600,48;93,54;0;90,78;100;0;2,33;3.687,51;0;3.687,51;90,82;0;90,46;100;0;2,23;4.665,30;0;0;103,06;0;0;100;0;0
14. Moratalaz;143. Marroquina;2.641,81;0;2.669,81;81,74;0;82,61;100;0;101,06;2.902,56;0;2.910,60;86,24;0;83,8;100;0;100,28;2.783,03;0;2.809,26;79,94;0;78,65;100;0;100,94;2.927,88;0;2.923,87;80,4;0;80,13;100;0;99,86;3.143,33;0;3.146,44;80,59;0;79,33;100;0;100,1;3.152,65;0;3.135,16;77,64;0;76,91;100;0;99,45;3.490,79;0;3.496,68;77,12;0;76,95;100;0;100,17
14. Moratalaz;144. Media Legua;2.228,93;0;2.228,49;68,97;0;68,95;100;0;99,98;2.606,90;0;2.611,52;77,46;0;75,19;100;0;100,18;2.619,85;0;2.620,84;75,25;0;73,37;100;0;100,04;2.633,99;0;2.642,52;72,33;0;72,42;100;0;100,32;2.904,81;0;2.912,34;74,47;0;73,43;100;0;100,26;2.831,98;0;2.791,41;69,75;0;68,47;100;0;98,57;3.283,15;0;3.288,27;72,53;0;72,36;100;0;100,16
14. Moratalaz;145. Fontarrón;2.072,53;0;2.090,53;64,13;0;64,69;100;0;100,87;2.285,44;0;2.306,92;67,91;0;66,42;100;0;100,94;2.175,53;0;2.180,95;62,49;0;61,06;100;0;100,25;2.232,85;0;2.242,48;61,32;0;61,46;100;0;100,43;2.509,27;0;2.535,40;64,33;0;63,93;100;0;101,04;2.617,66;0;2.647,15;64,47;0;64,94;100;0;101,13;2.790,09;0;2.799,48;61,64;0;61,6;100;0;100,34
14. Moratalaz;146. Vinateros;2.177,14;0;2.162,89;67,36;0;66,92;100;0;99,35;2.367,34;0;2.375,10;70,34;0;68,38;100;0;100,33;2.405,58;0;2.419,57;69,09;0;67,74;100;0;100,58;2.474,83;0;2.485,77;67,96;0;68,13;100;0;100,44;2.544,08;0;2.529,71;65,23;0;63,78;100;0;99,44;2.655,00;0;2.647,45;65,39;0;64,94;100;0;99,72;3.003,98;0;3.018,61;66,36;0;66,43;100;0;100,49
15. Ciudad Lineal;15. Ciudad Lineal;2.853,33;2.950,59;2.848,20;88,29;91,3;88,13;100;103,41;99,82;3.188,41;3.378,93;3.176,63;94,73;115,97;91,46;100;105,98;99,63;3.154,24;3.483,00;3.129,40;90,6;109,65;87,61;100;110,42;99,21;3.177,85;3.662,72;3.159,66;87,27;101,41;86,6;100;115,26;99,43;3.511,66;4.167,45;3.466,90;90,03;117,45;87,41;100;118,67;98,73;3.559,90;3.859,47;3.539,48;87,67;97,04;86,82;100;108,42;99,43;4.001,36;5.743,28;3.886,63;88,4;129,28;85,53;100;143,53;97,13
15. Ciudad Lineal;151. Ventas;2.411,23;2.690,48;2.386,41;74,61;83,25;73,84;100;111,58;98,97;2.717,39;3.125,73;2.645,46;80,74;107,28;76,17;100;115,03;97,35;2.762,80;3.439,53;2.651,96;79,35;108,28;74,24;100;124,49;95,99;2.734,37;3.337,59;2.682,45;75,09;92,41;73,52;100;122,06;98,1;2.995,68;3.841,24;2.917,55;76,8;108,25;73,56;100;128,23;97,39;3.020,43;3.104,76;3.008,56;74,39;78,06;73,8;100;102,79;99,61;3.325,00;3.060,80;3.340,04;73,45;68,9;73,5;100;92,05;100,45
15. Ciudad Lineal;152. Pueblo Nuevo;2.261,21;2.317,93;2.257,47;69,97;71,72;69,85;100;102,51;99,83;2.433,13;2.785,36;2.422,36;72,29;95,6;69,74;100;114,48;99,56;2.505,02;2.757,11;2.488,34;71,95;86,8;69,66;100;110,06;99,33;2.598,24;2.802,20;2.591,16;71,35;77,58;71,02;100;107,85;99,73;2.946,90;4.002,30;2.834,40;75,55;112,79;71,47;100;135,81;96,18;2.861,24;2.956,76;2.856,98;70,47;74,34;70,08;100;103,34;99,85;3.114,00;0;3.116,50;68,79;0;68,58;100;0;100,08
15. Ciudad Lineal;153. Quintana;2.683,15;0;2.683,15;83,02;0;83,02;100;0;100;3.144,46;0;3.144,46;93,43;0;90,53;100;0;100;3.221,55;0;3.221,55;92,53;0;90,19;100;0;100;3.153,58;0;3.153,58;86,6;0;86,43;100;0;100;3.401,96;0;3.350,61;87,22;0;84,48;100;0;98,49;3.549,06;4.536,56;3.468,81;87,41;114,06;85,09;100;127,82;97,74;3.860,46;0;3.834,54;85,28;0;84,38;100;0;99,33
15. Ciudad Lineal;154. La Concepción;3.546,02;0;3.527,32;109,72;0;109,14;100;0;99,47;4.002,51;0;3.990,49;118,92;0;114,89;100;0;99,7;3.753,90;0;3.729,19;107,82;0;104,4;100;0;99,34;3.710,07;0;3.710,07;101,88;0;101,68;100;0;100;4.069,36;0;4.072,26;104,33;0;102,68;100;0;100,07;4.474,03;0;4.474,03;110,19;0;109,75;100;0;100;4.859,00;0;4.829,84;107,34;0;106,28;100;0;99,4
15. Ciudad Lineal;155. San Pascual;3.787,03;0;3.776,42;117,18;0;116,85;100;0;99,72;4.139,15;0;4.139,15;122,98;0;119,17;100;0;100;4.252,92;0;4.223,57;122,15;0;118,24;100;0;99,31;3.834,00;0;3.830,84;105,28;0;104,99;100;0;99,92;4.257,74;0;4.257,74;109,16;0;107,35;100;0;100;4.374,19;0;4.374,19;107,73;0;107,3;100;0;100;4.738,42;0;4.697,17;104,68;0;103,36;100;0;99,13
15. Ciudad Lineal;156. San Juan Bautista;3.777,39;0;3.725,10;116,88;0;115,26;100;0;98,62;4.106,55;0;4.081,73;122,01;0;117,52;100;0;99,4;3.909,33;0;3.900,26;112,29;0;109,19;100;0;99,77;4.145,15;0;4.138,80;113,83;0;113,43;100;0;99,85;4.836,38;0;4.806,00;124;0;121,18;100;0;99,37;4.663,75;0;4.554,08;114,86;0;111,71;100;0;97,65;5.430,97;6.588,95;5.048,96;119,98;148,31;111,11;100;121,32;92,97
15. Ciudad Lineal;157. Colina;4.002,10;0;3.937,41;123,83;0;121,83;100;0;98,38;4.259,03;0;4.298,73;126,54;0;123,77;100;0;100,93;4.544,25;0;4.556,30;130,52;0;127,56;100;0;100,27;4.219,16;0;4.045,47;115,86;0;110,87;100;0;95,88;4.920,05;0;4.711,88;126,14;0;118,8;100;0;95,77;5.025,68;0;4.828,50;123,77;0;118,44;100;0;96,08;5.770,88;6.683,42;5.294,19;127,49;150,44;116,5;100;115,81;91,74
15. Ciudad Lineal;158. Atalaya;4.566,83;0;4.566,83;141,31;0;141,31;100;0;100;4.973,31;0;4.735,47;147,77;0;136,34;100;0;95,22;0;0;0;0;0;0;100;0;0;0;0;0;0;0;0;100;0;0;5.625,30;0;5.625,30;144,22;0;141,83;100;0;100;5.327,85;0;5.373,16;131,22;0;131,81;100;0;100,85;5.759,98;0;5.785,51;127,25;0;127,31;100;0;100,44
15. Ciudad Lineal;159. Costillares;3.798,47;0;3.828,79;117,53;0;118,47;100;0;100,8;4.158,38;0;4.199,32;123,55;0;120,9;100;0;100,98;4.400,22;0;4.404,30;126,38;0;123,3;100;0;100,09;4.225,62;0;4.168,76;116,04;0;114,25;100;0;98,65;4.692,53;3.960,71;4.766,64;120,31;111,62;120,18;100;84,4;101,58;4.574,53;0;4.562,36;112,66;0;111,92;100;0;99,73;5.471,11;7.015,50;5.154,94;120,86;157,91;113,44;100;128,23;94,22
16. Hortaleza;16. Hortaleza;3.307,99;3.016,09;3.539,82;102,36;93,32;109,53;100;91,18;107,01;3.304,06;3.279,43;3.318,30;98,17;112,56;95,54;100;99,25;100,43;3.412,21;2.922,26;3.582,75;98,01;92;100,3;100;85,64;105;3.851,04;4.055,65;3.651,10;105,75;112,29;100,06;100;105,31;94,81;3.920,20;3.820,86;3.974,96;100,51;107,68;100,22;100;97,47;101,4;4.161,19;4.789,20;3.957,52;102,48;120,41;97,08;100;115,09;95,11;4.446,27;5.093,12;4.249,48;98,22;114,64;93,51;100;114,55;95,57
16. Hortaleza;161. Palomas;3.943,41;0;3.936,34;122,02;0;121,8;100;0;99,82;4.219,48;0;4.222,62;125,37;0;121,57;100;0;100,07;3.931,51;0;4.414,13;112,92;0;123,58;100;0;112,28;4.163,92;0;4.230,44;114,34;0;115,94;100;0;101,6;3.990,82;2.730,04;4.403,00;102,32;76,94;111,02;100;68,41;110,33;5.139,42;0;5.139,42;126,58;0;126,07;100;0;100;4.816,65;0;4.816,65;106,41;0;105,99;100;0;100
16. Hortaleza;162. Piovera;4.611,77;4.285,96;4.698,65;142,7;132,62;145,39;100;92,94;101,88;4.733,19;0;4.728,02;140,63;0;136,13;100;0;99,89;4.904,19;0;4.915,72;140,86;0;137,62;100;0;100,24;5.016,52;0;5.044,03;137,76;0;138,24;100;0;100,55;5.397,85;0;5.395,07;138,39;0;136,03;100;0;99,95;5.811,22;6.093,65;5.498,16;143,12;153,21;134,87;100;104,86;94,61;5.759,74;6.052,31;5.686,60;127,24;136,23;125,14;100;105,08;98,73
16. Hortaleza;163. Canillas;3.137,68;0;3.138,51;97,09;0;97,11;100;0;100,03;3.298,16;0;3.280,84;98;0;94,46;100;0;99,47;3.354,60;0;3.297,51;96,35;0;92,31;100;0;98,3;3.483,42;0;3.438,11;95,66;0;94,23;100;0;98,7;3.629,84;0;3.633,94;93,06;0;91,62;100;0;100,11;3.718,95;0;3.729,12;91,59;0;91,48;100;0;100,27;3.972,21;4.235,82;3.934,40;87,75;95,35;86,58;100;106,64;99,05
16. Hortaleza;164. Pinar del Rey;2.720,43;2.833,76;2.699,23;84,18;87,68;83,52;100;104,17;99,22;2.748,42;3.003,26;2.724,67;81,66;103,08;78,45;100;109,27;99,14;2.955,26;2.930,29;2.960,68;84,88;92,25;82,89;100;99,16;100,18;3.040,79;3.123,21;3.023,89;83,5;86,47;82,88;100;102,71;99,44;3.223,52;3.377,81;3.183,03;82,65;95,19;80,26;100;104,79;98,74;3.268,81;3.335,01;3.258,76;80,51;83,85;79,94;100;102,03;99,69;3.481,80;3.745,07;3.426,85;76,92;84,3;75,41;100;107,56;98,42
16. Hortaleza;165. Apóstol Santiago;2.521,96;0;2.519,39;78,03;0;77,95;100;0;99,9;3.151,26;0;3.143,51;93,63;0;90,51;100;0;99,75;3.787,62;0;3.642,94;108,79;0;101,99;100;0;96,18;2.741,61;0;2.879,64;75,29;0;78,92;100;0;105,03;3.461,16;0;3.538,46;88,74;0;89,22;100;0;102,23;2.960,40;0;2.981,74;72,91;0;73,14;100;0;100,72;3.687,85;0;3.652,77;81,47;0;80,38;100;0;99,05
16. Hortaleza;166. Valdefuentes;3.465,62;2.992,55;4.627,26;107,23;92,6;143,18;100;86,35;133,52;3.487,54;3.271,61;4.176,52;103,62;112,29;120,25;100;93,81;119,76;3.364,21;2.700,66;4.045,57;96,63;85,02;113,26;100;80,28;120,25;4.210,50;4.150,43;4.452,91;115,62;114,91;122,04;100;98,57;105,76;4.162,66;3.921,35;4.421,92;106,72;110,51;111,49;100;94,2;106,23;4.533,78;4.628,01;4.475,92;111,66;116,36;109,8;100;102,08;98,72;5.338,82;5.661,44;5.125,19;117,94;127,44;112,78;100;106,04;96
17. Villaverde;17. Villaverde;1.501,67;1.546,41;1.424,43;46,46;47,85;44,07;100;102,98;94,86;1.750,08;1.842,33;1.626,45;52;63,23;46,83;100;105,27;92,94;1.749,87;1.791,05;1.716,50;50,26;56,38;48,05;100;102,35;98,09;1.836,69;2.111,88;1.689,96;50,44;58,47;46,32;100;114,98;92,01;1.830,26;1.904,60;1.796,25;46,92;53,68;45,29;100;104,06;98,14;1.900,28;1.971,47;1.880,84;46,8;49,57;46,14;100;103,75;98,98;2.112,72;2.117,71;2.111,54;46,67;47,67;46,47;100;100,24;99,94
17. Villaverde;171. Villaverde Alto, Casco Histórico de Villaverde;1.524,24;1.549,15;1.295,57;47,16;47,93;40,09;100;101,63;85;1.631,78;1.676,97;1.584,98;48,48;57,56;45,63;100;102,77;97,13;1.714,38;1.575,85;1.752,16;49,24;49,61;49,05;100;91,92;102,2;1.939,98;2.356,97;1.705,75;53,27;65,26;46,75;100;121,49;87,93;1.938,69;0;0;49,7;0;0;100;0;0;0;0;0;0;0;0;100;0;0;2.105,98;0;2.028,93;46,52;0;44,65;100;0;96,34
17. Villaverde;172. San Cristóbal;1.102,64;1.173,08;1.086,98;34,12;36,3;33,63;100;106,39;98,58;1.320,19;1.367,82;1.307,73;39,23;46,95;37,65;100;103,61;99,06;1.375,61;1.334,74;1.388,28;39,51;42,02;38,87;100;97,03;100,92;1.294,00;0;1.314,90;35,53;0;36,04;100;0;101,62;1.421,79;1.350,55;1.442,50;36,45;38,06;36,37;100;94,99;101,46;1.503,63;1.436,56;1.520,49;37,03;36,12;37,3;100;95,54;101,12;1.578,57;1.455,83;1.607,28;34,87;32,77;35,37;100;92,22;101,82
17. Villaverde;173. Butarque;1.777,41;1.868,64;1.736,17;55;57,82;53,72;100;105,13;97,68;1.925,18;1.915,08;1.960,29;57,2;65,73;56,44;100;99,48;101,82;1.874,74;1.846,43;2.000,49;53,85;58,13;56;100;98,49;106,71;2.059,11;0;2.002,05;56,54;0;54,87;100;0;97,23;2.093,01;2.064,48;2.123,41;53,66;58,18;53,54;100;98,64;101,45;2.251,01;2.249,34;2.251,65;55,44;56,55;55,23;100;99,93;100,03;2.577,41;2.453,00;2.611,73;56,94;55,22;57,47;100;95,17;101,33
17. Villaverde;174. Los Rosales;1.545,55;1.665,73;1.514,28;47,82;51,54;46,85;100;107,78;97,98;1.783,33;1.819,52;1.775,53;52,99;62,45;51,12;100;102,03;99,56;1.818,14;1.877,08;1.801,16;52,22;59,09;50,42;100;103,24;99,07;1.825,08;2.476,18;1.745,67;50,12;68,56;47,84;100;135,68;95,65;1.931,08;1.957,38;1.923,68;49,51;55,16;48,5;100;101,36;99,62;2.058,92;2.240,95;2.012,09;50,71;56,34;49,36;100;108,84;97,73;2.319,11;2.413,68;2.298,48;51,23;54,33;50,58;100;104,08;99,11
17. Villaverde;175. Ángeles;1.485,56;1.493,94;1.393,89;45,97;46,23;43,13;100;100,56;93,83;1.868,58;1.916,42;1.675,31;55,52;65,78;48,23;100;102,56;89,66;1.761,69;1.849,72;1.666,65;50,6;58,23;46,66;100;105;94,61;1.868,11;1.981,76;1.713,56;51,3;54,87;46,96;100;106,08;91,73;1.903,27;0;0;48,8;0;0;100;0;0;0;0;0;0;0;0;100;0;0;2.233,31;0;2.306,88;49,34;0;50,76;100;0;103,29
18. Villa de Vallecas;18. Villa de Vallecas;2.141,00;2.153,66;2.133,84;66,25;66,64;66,03;100;100,59;99,67;2.280,79;2.286,45;2.276,80;67,77;78,48;65,55;100;100,25;99,83;2.543,35;2.750,20;2.386,81;73,05;86,58;66,82;100;108,13;93,85;2.326,79;2.356,37;2.316,51;63,9;65,24;63,49;100;101,27;99,56;2.628,55;2.666,04;2.616,84;67,39;75,13;65,98;100;101,43;99,55;2.765,88;3.074,25;2.590,81;68,12;77,29;63,55;100;111,15;93,67;2.955,81;3.154,30;2.857,66;65,3;71;62,88;100;106,72;96,68
18. Villa de Vallecas;181. Casco Histórico de Vallecas;1.751,25;1.758,25;1.749,09;54,19;54,4;54,12;100;100,4;99,88;2.073,53;2.197,05;2.037,94;61,61;75,41;58,67;100;105,96;98,28;1.975,60;1.820,83;2.009,99;56,74;57,32;56,27;100;92,17;101,74;1.919,04;1.835,36;1.947,05;52,7;50,82;53,36;100;95,64;101,46;2.249,42;2.490,34;2.163,54;57,67;70,18;54,55;100;110,71;96,18;2.091,64;1.993,06;2.122,88;51,51;50,11;52,07;100;95,29;101,49;2.372,31;2.401,17;2.366,88;52,41;54,05;52,08;100;101,22;99,77
18. Villa de Vallecas;182. Santa Eugenia;1.952,06;0;1.932,18;60,4;0;59,79;100;0;98,98;2.091,94;2.705,70;1.978,88;62,16;92,87;56,97;100;129,34;94,6;2.110,49;0;2.089,50;60,62;0;58,5;100;0;99,01;2.097,05;0;2.097,05;57,59;0;57,47;100;0;100;2.329,55;0;2.251,28;59,73;0;56,76;100;0;96,64;2.222,32;0;2.209,16;54,73;0;54,19;100;0;99,41;2.557,98;0;2.551,99;56,51;0;56,16;100;0;99,77
18. Villa de Vallecas;183. Ensanche de Vallecas;2.308,51;2.218,30;2.386,22;71,43;68,64;73,83;100;96,09;103,37;2.331,86;2.206,09;2.445,52;69,28;75,72;70,41;100;94,61;104,87;2.841,85;2.856,98;2.819,00;81,62;89,94;78,92;100;100,53;99,2;2.709,91;2.620,21;2.760,43;74,42;72,55;75,65;100;96,69;101,86;2.980,25;2.730,63;3.072,91;76,41;76,95;77,48;100;91,62;103,11;3.197,51;3.343,37;3.061,13;78,75;84,06;75,09;100;104,56;95,73;3.351,13;3.286,39;3.413,22;74,03;73,97;75,11;100;98,07;101,85
19. Vicálvaro;19. Vicálvaro;1.876,50;1.517,02;2.032,67;58,06;46,94;62,89;100;80,84;108,32;1.919,73;1.795,42;1.939,48;57,04;61,62;55,84;100;93,52;101,03;2.265,78;2.146,63;2.372,86;65,08;67,58;66,43;100;94,74;104,73;2.410,25;2.410,68;2.409,54;66,19;66,74;66,04;100;100,02;99,97;2.604,57;2.609,39;2.596,10;66,78;73,54;65,46;100;100,19;99,67;2.819,81;2.894,03;2.631,80;69,45;72,76;64,56;100;102,63;93,33;3.165,40;3.451,47;2.810,05;69,93;77,69;61,84;100;109,04;88,77
19. Vicálvaro;191. Casco Histórico de Vicálvaro;1.836,28;1.757,87;1.841,75;56,82;54,39;56,99;100;95,73;100,3;2.140,71;0;2.142,20;63,6;0;61,68;100;0;100,07;2.211,77;0;2.222,75;63,53;0;62,23;100;0;100,5;2.283,62;0;2.282,21;62,71;0;62,55;100;0;99,94;2.441,88;2.580,92;2.435,56;62,61;72,74;61,41;100;105,69;99,74;2.740,64;3.471,96;2.444,57;67,5;87,29;59,97;100;126,68;89,2;2.912,09;4.073,98;2.566,67;64,33;91,7;56,48;100;139,9;88,14
19. Vicálvaro;192. Valdebernardo;2.149,39;0;2.156,56;66,51;0;66,73;100;0;100,33;2.517,60;0;2.537,64;74,8;0;73,06;100;0;100,8;2.620,36;0;2.711,39;75,26;0;75,91;100;0;103,47;2.700,81;0;2.766,33;74,17;0;75,82;100;0;102,43;2.583,79;2.431,90;2.643,75;66,24;68,54;66,66;100;94,12;102,32;2.504,12;0;2.440,52;61,67;0;59,87;100;0;97,46;3.293,99;0;3.278,47;72,77;0;72,15;100;0;99,53
19. Vicálvaro;193. Valderribas;2.539,71;0;2.588,71;78,58;0;80,1;100;0;101,93;2.658,79;0;2.657,13;79;0;76,5;100;0;99,94;3.018,37;0;3.040,67;86,69;0;85,12;100;0;100,74;2.782,31;0;2.781,47;76,4;0;76,23;100;0;99,97;3.345,94;0;3.346,65;85,78;0;84,38;100;0;100,02;3.500,64;0;3.504,73;86,21;0;85,97;100;0;100,12;3.577,10;0;3.625,97;79,02;0;79,79;100;0;101,37
19. Vicálvaro;194. El Cañaveral;1.422,61;1.422,61;0;44,02;44,02;0;100;100;0;1.672,79;1.673,07;1.672,72;49,7;57,42;48,16;100;100,02;100;2.147,81;2.147,81;0;61,69;67,62;0;100;100;0;2.412,27;2.408,96;0;66,24;66,7;0;100;99,86;0;2.608,58;2.606,85;0;66,88;73,47;0;100;99,93;0;2.819,96;2.811,74;0;69,45;70,69;0;100;99,71;0;3.331,02;3.317,86;3.565,13;73,59;74,68;78,45;100;99,6;107,03
20. San Blas-Canillejas;20. San Blas-Canillejas;2.264,89;3.022,19;2.238,81;70,08;93,51;69,27;100;133,44;98,85;2.270,33;3.544,54;2.233,08;67,46;121,66;64,29;100;156,12;98,36;2.601,53;3.449,13;2.470,31;74,72;108,58;69,16;100;132,58;94,96;2.756,64;3.969,04;2.486,59;75,7;109,89;68,15;100;143,98;90,2;2.739,57;3.294,75;2.691,67;70,24;92,85;67,87;100;120,27;98,25;2.649,18;3.512,90;2.619,53;65,24;88,32;64,26;100;132,6;98,88;2.909,53;2.739,99;2.944,24;64,28;61,68;64,79;100;94,17;101,19
20. San Blas-Canillejas;201. Simancas;2.400,68;0;2.375,85;74,28;0;73,51;100;0;98,97;2.504,90;0;2.499,07;74,43;0;71,95;100;0;99,77;2.553,12;0;2.520,32;73,33;0;70,56;100;0;98,72;2.555,44;0;2.537,36;70,17;0;69,54;100;0;99,29;2.849,47;3.878,28;2.800,01;73,06;109,3;70,6;100;136,11;98,26;2.829,00;0;2.805,67;69,67;0;68,82;100;0;99,18;3.065,16;4.471,77;2.950,42;67,71;100,66;64,93;100;145,89;96,26
20. San Blas-Canillejas;202. Hellín;1.471,98;0;1.471,98;45,55;0;45,55;100;0;100;1.593,70;0;1.595,82;47,35;0;45,95;100;0;100,13;1.699,42;0;1.699,42;48,81;0;47,58;100;0;100;1.749,24;0;1.749,24;48,04;0;47,94;100;0;100;1.876,12;0;1.876,12;48,1;0;47,3;100;0;100;1.965,71;0;1.965,71;48,41;0;48,22;100;0;100;2.026,74;0;2.026,86;44,77;0;44,6;100;0;100,01
20. San Blas-Canillejas;203. Amposta;1.445,71;0;1.443,64;44,73;0;44,67;100;0;99,86;1.690,79;0;1.684,77;50,24;0;48,51;100;0;99,64;1.799,06;0;1.797,73;51,67;0;50,33;100;0;99,93;1.740,28;0;1.737,66;47,79;0;47,62;100;0;99,85;1.833,19;0;1.828,24;47;0;46,1;100;0;99,73;1.863,48;0;1.860,69;45,89;0;45,64;100;0;99,85;2.143,18;2.264,47;2.076,26;47,35;50,97;45,69;100;105,66;96,88
20. San Blas-Canillejas;204. Arcos;1.868,45;0;1.839,89;57,81;0;56,93;100;0;98,47;2.041,64;0;2.027,71;60,66;0;58,38;100;0;99,32;2.806,11;3.483,89;2.207,75;80,6;109,68;61,81;100;124,15;78,68;3.224,91;4.185,84;2.147,65;88,56;115,89;58,86;100;129,8;66,6;2.465,83;3.126,31;2.300,71;63,22;88,11;58,01;100;126,79;93,3;2.239,88;0;2.186,82;55,16;0;53,64;100;0;97,63;2.560,86;2.314,53;2.832,28;56,57;52,1;62,33;100;90,38;110,6
20. San Blas-Canillejas;205. Rosas;3.134,44;0;3.027,97;96,99;0;93,69;100;0;96,6;3.448,63;4.181,63;3.282,67;102,47;143,52;94,51;100;121,25;95,19;3.499,95;0;3.462,27;100,53;0;96,93;100;0;98,92;3.350,60;0;3.332,54;92,01;0;91,33;100;0;99,46;4.245,07;4.778,26;4.173,66;108,84;134,66;105,23;100;112,56;98,32;3.700,37;0;3.693,60;91,13;0;90,61;100;0;99,82;3.752,62;0;3.782,20;82,9;0;83,23;100;0;100,79
20. San Blas-Canillejas;206. Rejas;2.688,39;0;2.662,79;83,18;0;82,39;100;0;99,05;1.816,06;0;1.809,67;53,96;0;52,1;100;0;99,65;2.657,17;0;2.695,45;76,32;0;75,46;100;0;101,44;2.971,39;3.401,47;2.816,36;81,6;94,18;77,19;100;114,47;94,78;3.040,61;3.225,69;3.019,00;77,96;90,91;76,12;100;106,09;99,29;2.959,07;0;2.957,92;72,88;0;72,56;100;0;99,96;3.056,14;2.130,03;3.145,29;67,51;47,95;69,21;100;69,7;102,92
20. San Blas-Canillejas;207. Canillejas;2.034,30;0;2.027,26;62,95;0;62,73;100;0;99,65;2.367,47;0;2.349,28;70,34;0;67,64;100;0;99,23;2.417,52;0;2.406,94;69,44;0;67,38;100;0;99,56;2.369,55;0;2.364,78;65,07;0;64,81;100;0;99,8;2.485,67;0;2.495,64;63,73;0;62,92;100;0;100,4;2.557,01;0;2.536,53;62,97;0;62,22;100;0;99,2;2.978,61;3.623,39;2.903,12;65,8;81,56;63,89;100;121,65;97,47
20. San Blas-Canillejas;208. El Salvador;3.131,89;0;3.140,61;96,91;0;97,18;100;0;100,28;3.396,79;0;3.386,02;100,93;0;97,49;100;0;99,68;3.192,05;0;3.192,05;91,68;0;89,36;100;0;100;3.860,72;0;3.834,69;106,02;0;105,1;100;0;99,33;3.921,23;0;3.921,23;100,53;0;98,87;100;0;100;3.745,67;0;3.711,96;92,25;0;91,06;100;0;99,1;4.067,12;0;4.058,07;89,85;0;89,3;100;0;99,78
21. Barajas;21. Barajas;3.276,03;3.517,48;3.160,19;101,37;108,84;97,78;100;107,37;96,46;3.049,82;3.150,55;3.017,61;90,62;108,13;86,88;100;103,3;98,94;3.084,26;2.871,89;3.401,33;88,59;90,41;95,22;100;93,11;110,28;3.334,23;3.610,34;3.279,80;91,56;99,96;89,89;100;108,28;98,37;3.445,86;4.135,60;3.302,28;88,35;116,55;83,26;100;120,02;95,83;3.596,72;3.928,96;3.534,86;88,58;98,78;86,71;100;109,24;98,28;3.791,76;3.600,29;3.819,20;83,77;81,04;84,04;100;94,95;100,72
21. Barajas;211. Alameda de Osuna;3.219,36;3.020,68;3.295,45;99,61;93,47;101,97;100;93,83;102,36;2.961,24;3.401,31;2.821,00;87,98;116,74;81,22;101;114,86;95,26;4.015,02;5.115,73;3.252,99;115,32;161,05;91,07;101;127,41;81,02;3.400,47;3.530,26;3.379,78;93,38;97,74;92,63;101;103,82;99,39;3.486,01;4.386,77;3.290,66;89,38;123,63;82,97;101;125,84;94,4;3.486,44;0;3.472,16;85,87;0;85,17;101;0;99,59;3.867,03;0;3.964,44;85,43;0;87,24;101;0;102,52
21. Barajas;212. Aeropuerto;0;0;0;0;0;0;100;0;0;0;0;0;0;0;0;102;0;0;0;0;0;0;0;0;102;0;0;0;0;0;0;0;0;102;0;0;0;0;0;0;0;0;102;0;0;0;0;0;0;0;0;102;0;0;0;0;0;0;0;0;102;0;0
21. Barajas;213. Casco Histórico de Barajas;2.795,69;0;2.745,55;86,5;0;84,95;100;0;98,21;2.978,60;0;2.954,66;88,5;0;85,07;103;0;99,2;2.697,80;0;2.712,99;77,49;0;75,95;103;0;100,56;3.077,10;0;2.852,80;84,5;0;78,19;103;0;92,71;3.202,44;3.871,11;2.976,77;82,11;109,1;75,06;103;120,88;92,95;3.285,62;0;3.185,86;80,92;0;78,15;103;0;96,96;3.560,60;0;3.489,47;78,66;0;76,79;103;0;98
21. Barajas;214. Timón;3.594,92;3.853,96;3.226,80;111,23;119,25;99,84;100;107,21;89,76;3.106,26;2.859,77;3.370,35;92,29;98,15;97,04;100;92,06;108,5;2.639,48;2.413,63;3.813,95;75,81;75,98;106,77;100;91,44;144,5;3.267,12;3.714,97;3.106,36;89,72;102,86;85,14;100;113,71;95,08;3.505,72;3.809,63;3.423,23;89,88;107,36;86,31;100;108,67;97,65;3.745,13;4.099,52;3.558,61;92,24;103,07;87,29;100;109,46;95,02;4.094,58;0;4.104,16;90,45;0;90,32;100;0;100,23
21. Barajas;215. Corralejos;3.564,90;3.803,30;3.497,84;110,3;117,68;108,23;100;106,69;98,12;3.613,80;0;3.691,85;107,37;0;106,29;100;0;102,16;3.660,35;0;3.733,16;105,13;0;104,51;100;0;101,99;3.581,79;0;3.753,48;98,36;0;102,87;100;0;104,79;3.673,50;0;3.665,00;94,18;0;92,41;100;0;99,77;4.119,66;0;4.119,66;101,46;0;101,06;100;0;100;3.985,70;0;4.075,63;88,05;0;89,69;100;0;102,26
